iau_abbr,latin,english,korean,korean_source,reviewed
And,Andromeda,Andromeda,안드로메다자리,d3-celestial(Wikipedia),false
Ant,Antlia,Air Pump,공기펌프자리,d3-celestial(Wikipedia),false
Aps,Apus,Bird of Paradise,극락조자리,d3-celestial(Wikipedia),false
Aql,Aquila,Eagle,독수리자리,d3-celestial(Wikipedia),false
Aqr,Aquarius,Aquarius,물병자리,d3-celestial(Wikipedia),false
Ara,Ara,Altar,제단자리,d3-celestial(Wikipedia),false
Ari,Aries,Ram,양자리,d3-celestial(Wikipedia),false
Aur,Auriga,Charioteer,마차부자리,d3-celestial(Wikipedia),false
Boo,Boötes,Herdsman,목동자리,d3-celestial(Wikipedia),false
CMa,Canis Major,Great Dog,큰개자리,d3-celestial(Wikipedia),false
CMi,Canis Minor,Little Dog,작은개자리,d3-celestial(Wikipedia),false
CVn,Canes Venatici,Hunting Dogs,사냥개자리,d3-celestial(Wikipedia),false
Cae,Caelum,Graving tool,조각칼자리,d3-celestial(Wikipedia),false
Cam,Camelopardalis,Giraffe,기린자리,d3-celestial(Wikipedia),false
Cap,Capricornus,Capricorn,염소자리,d3-celestial(Wikipedia),false
Car,Carina,Keel,용골자리,d3-celestial(Wikipedia),false
Cas,Cassiopeia,Cassiopeia,카시오페이아자리,d3-celestial(Wikipedia),false
Cen,Centaurus,Centaur,센타우루스자리,d3-celestial(Wikipedia),false
Cep,Cepheus,Cepheus,세페우스자리,d3-celestial(Wikipedia),false
Cet,Cetus,Whale,고래자리,d3-celestial(Wikipedia),false
Cha,Chamaeleon,Chamaeleon,카멜레온자리,d3-celestial(Wikipedia),false
Cir,Circinus,Compass,컴퍼스자리,d3-celestial(Wikipedia),false
Cnc,Cancer,Crab,게자리,d3-celestial(Wikipedia),false
Col,Columba,Dove,비둘기자리,d3-celestial(Wikipedia),false
Com,Coma Berenices,Berenice's Hair,머리털자리,d3-celestial(Wikipedia),false
CrA,Corona Austrina,Southern Crown,남쪽왕관자리,d3-celestial(Wikipedia),false
CrB,Corona Borealis,Northern Crown,북쪽왕관자리,d3-celestial(Wikipedia),false
Crt,Crater,Cup,컵자리,d3-celestial(Wikipedia),false
Cru,Crux,Cross,남십자자리,d3-celestial(Wikipedia),false
Crv,Corvus,Crow,까마귀자리,d3-celestial(Wikipedia),false
Cyg,Cygnus,Swan,고니자리,d3-celestial(Wikipedia),false
Del,Delphinus,Dolphin,돌고래자리,d3-celestial(Wikipedia),false
Dor,Dorado,Goldfish,황새치자리,d3-celestial(Wikipedia),false
Dra,Draco,Dragon,용자리,d3-celestial(Wikipedia),false
Equ,Equuleus,Colt,조랑말자리,d3-celestial(Wikipedia),false
Eri,Eridanus,Eridanus,에리다누스자리,d3-celestial(Wikipedia),false
For,Fornax,Furnace,화로자리,d3-celestial(Wikipedia),false
Gem,Gemini,Twins,쌍둥이자리,d3-celestial(Wikipedia),false
Gru,Grus,Crane,두루미자리,d3-celestial(Wikipedia),false
Her,Hercules,Hercules,허큘리스자리,d3-celestial(Wikipedia),false
Hor,Horologium,Clock,시계자리,d3-celestial(Wikipedia),false
Hya,Hydra,Sea Serpent,바다뱀자리,d3-celestial(Wikipedia),false
Hyi,Hydrus,Hydrus,물뱀자리,d3-celestial(Wikipedia),false
Ind,Indus,Indian,인디언자리,d3-celestial(Wikipedia),false
LMi,Leo Minor,Little Lion,작은사자자리,d3-celestial(Wikipedia),false
Lac,Lacerta,Lizard,도마뱀자리,d3-celestial(Wikipedia),false
Leo,Leo,Lion,사자자리,d3-celestial(Wikipedia),false
Lep,Lepus,Hare,토끼자리,d3-celestial(Wikipedia),false
Lib,Libra,Balance,천칭자리,d3-celestial(Wikipedia),false
Lup,Lupus,Wolf,이리자리,d3-celestial(Wikipedia),false
Lyn,Lynx,Lynx,살쾡이자리,d3-celestial(Wikipedia),false
Lyr,Lyra,Lyre,거문고자리,d3-celestial(Wikipedia),false
Men,Mensa,Mensa,테이블산자리,d3-celestial(Wikipedia),false
Mic,Microscopium,Microscope,현미경자리,d3-celestial(Wikipedia),false
Mon,Monoceros,Unicorn,외뿔소자리,d3-celestial(Wikipedia),false
Mus,Musca,Fly,파리자리,d3-celestial(Wikipedia),false
Nor,Norma,Level,직각자자리,d3-celestial(Wikipedia),false
Oct,Octans,Octant,팔분의자리,d3-celestial(Wikipedia),false
Oph,Ophiuchus,Ophiuchus,뱀주인자리,d3-celestial(Wikipedia),false
Ori,Orion,Orion,오리온자리,d3-celestial(Wikipedia),false
Pav,Pavo,Peacock,공작자리,d3-celestial(Wikipedia),false
Peg,Pegasus,Pegasus,페가수스자리,d3-celestial(Wikipedia),false
Per,Perseus,Perseus,페르세우스자리,d3-celestial(Wikipedia),false
Phe,Phoenix,Phoenix,봉황자리,d3-celestial(Wikipedia),false
Pic,Pictor,Painter,화가자리,d3-celestial(Wikipedia),false
PsA,Piscis Austrinus,Southern Fish,남쪽물고기자리,d3-celestial(Wikipedia),false
Psc,Pisces,Fishes,물고기자리,d3-celestial(Wikipedia),false
Pup,Puppis,Poop Deck,고물자리,d3-celestial(Wikipedia),false
Pyx,Pyxis,Compass,나침반자리,d3-celestial(Wikipedia),false
Ret,Reticulum,Net,그물자리,d3-celestial(Wikipedia),false
Scl,Sculptor,Sculptor,조각가자리,d3-celestial(Wikipedia),false
Sco,Scorpius,Scorpion,전갈자리,d3-celestial(Wikipedia),false
Sct,Scutum,Shield,방패자리,d3-celestial(Wikipedia),false
Ser,Serpens Caput,Serpent,뱀자리,d3-celestial(Wikipedia),false
Sex,Sextans,Sextant,육분의자리,d3-celestial(Wikipedia),false
Sge,Sagitta,Arrow,화살자리,d3-celestial(Wikipedia),false
Sgr,Sagittarius,Archer,궁수자리,d3-celestial(Wikipedia),false
Tau,Taurus,Bull,황소자리,d3-celestial(Wikipedia),false
Tel,Telescopium,Telescope,망원경자리,d3-celestial(Wikipedia),false
TrA,Triangulum Australe,Southern Triangle,남쪽삼각형자리,d3-celestial(Wikipedia),false
Tri,Triangulum,Triangle,삼각형자리,d3-celestial(Wikipedia),false
Tuc,Tucana,Toucan,큰부리새자리,d3-celestial(Wikipedia),false
UMa,Ursa Major,Big Dipper,큰곰자리,d3-celestial(Wikipedia),false
UMi,Ursa Minor,Little Dipper,작은곰자리,d3-celestial(Wikipedia),false
Vel,Vela,Sails,돛자리,d3-celestial(Wikipedia),false
Vir,Virgo,Virgin,처녀자리,d3-celestial(Wikipedia),false
Vol,Volans,Flying Fish,날치자리,d3-celestial(Wikipedia),false
Vul,Vulpecula,Little Fox,작은여우자리,d3-celestial(Wikipedia),false
